Workbook

Sheet Summary
A1: SauceDemo Test Suite - Summary
A3: Module | B3: Total Cases
A4: Login | B4: =COUNTA(Login!A2:A1000)
A5: Header | B5: =COUNTA(Header!A2:A1000)
A6: Footer | B6: =COUNTA(Footer!A2:A1000)
A7: Products | B7: =COUNTA(Products!A2:A1000)
A8: Product Description | B8: =COUNTA('Product Description'!A2:A1000)
A9: Cart | B9: =COUNTA(Cart!A2:A1000)
A10: Checkout Step 1 | B10: =COUNTA('Checkout Step 1'!A2:A1000)
A11: Checkout Step 2 | B11: =COUNTA('Checkout Step 2'!A2:A1000)
A12: Checkout Complete | B12: =COUNTA('Checkout Complete'!A2:A1000)
A13: About | B13: =COUNTA(About!A2:A1000)
A14: Logout | B14: =COUNTA(Logout!A2:A1000)
A15: Security | B15: =COUNTA(Security!A2:A1000)
A16: Reset App State | B16: =COUNTA('Reset App State'!A2:A1000)
A17: End-to-End | B17: =COUNTA('End-to-End'!A2:A1000)
A18: TOTAL | B18: =SUM(B4:B17)
A20: By Scenario Type
A21: Positive | B21: =COUNTIF(Login!C:C,"Positive")+COUNTIF(Header!C:C,"Positive")+COUNTIF(Footer!C:C,"Positive")+COUNTIF(Products!C:C,"Positive")+COUNTIF('Product Description'!C:C,"Positive")+COUNTIF(Cart!C:C,"Positive")+COUNTIF('Checkout Step 1'!C:C,"Positive")+COUNTIF('Checkout Step 2'!C:C,"Positive")+COUNTIF('Checkout Complete'!C:C,"Positive")+COUNTIF(About!C:C,"Positive")+COUNTIF(Logout!C:C,"Positive")+COUNTIF(Security!C:C,"Positive")+COUNTIF('Reset App State'!C:C,"Positive")+COUNTIF('End-to-End'!C:C,"Positive")
A22: Negative | B22: =COUNTIF(Login!C:C,"Negative")+COUNTIF(Header!C:C,"Negative")+COUNTIF(Footer!C:C,"Negative")+COUNTIF(Products!C:C,"Negative")+COUNTIF('Product Description'!C:C,"Negative")+COUNTIF(Cart!C:C,"Negative")+COUNTIF('Checkout Step 1'!C:C,"Negative")+COUNTIF('Checkout Step 2'!C:C,"Negative")+COUNTIF('Checkout Complete'!C:C,"Negative")+COUNTIF(About!C:C,"Negative")+COUNTIF(Logout!C:C,"Negative")+COUNTIF(Security!C:C,"Negative")+COUNTIF('Reset App State'!C:C,"Negative")+COUNTIF('End-to-End'!C:C,"Negative")
A23: End-to-End | B23: =COUNTIF(Login!C:C,"End-to-End")+COUNTIF(Header!C:C,"End-to-End")+COUNTIF(Footer!C:C,"End-to-End")+COUNTIF(Products!C:C,"End-to-End")+COUNTIF('Product Description'!C:C,"End-to-End")+COUNTIF(Cart!C:C,"End-to-End")+COUNTIF('Checkout Step 1'!C:C,"End-to-End")+COUNTIF('Checkout Step 2'!C:C,"End-to-End")+COUNTIF('Checkout Complete'!C:C,"End-to-End")+COUNTIF(About!C:C,"End-to-End")+COUNTIF(Logout!C:C,"End-to-End")+COUNTIF(Security!C:C,"End-to-End")+COUNTIF('Reset App State'!C:C,"End-to-End")+COUNTIF('End-to-End'!C:C,"End-to-End")
A25: By Severity
A26: Critical | B26: =COUNTIF(Login!F:F,"Critical")+COUNTIF(Header!F:F,"Critical")+COUNTIF(Footer!F:F,"Critical")+COUNTIF(Products!F:F,"Critical")+COUNTIF('Product Description'!F:F,"Critical")+COUNTIF(Cart!F:F,"Critical")+COUNTIF('Checkout Step 1'!F:F,"Critical")+COUNTIF('Checkout Step 2'!F:F,"Critical")+COUNTIF('Checkout Complete'!F:F,"Critical")+COUNTIF(About!F:F,"Critical")+COUNTIF(Logout!F:F,"Critical")+COUNTIF(Security!F:F,"Critical")+COUNTIF('Reset App State'!F:F,"Critical")+COUNTIF('End-to-End'!F:F,"Critical")
A27: High | B27: =COUNTIF(Login!F:F,"High")+COUNTIF(Header!F:F,"High")+COUNTIF(Footer!F:F,"High")+COUNTIF(Products!F:F,"High")+COUNTIF('Product Description'!F:F,"High")+COUNTIF(Cart!F:F,"High")+COUNTIF('Checkout Step 1'!F:F,"High")+COUNTIF('Checkout Step 2'!F:F,"High")+COUNTIF('Checkout Complete'!F:F,"High")+COUNTIF(About!F:F,"High")+COUNTIF(Logout!F:F,"High")+COUNTIF(Security!F:F,"High")+COUNTIF('Reset App State'!F:F,"High")+COUNTIF('End-to-End'!F:F,"High")
A28: Medium | B28: =COUNTIF(Login!F:F,"Medium")+COUNTIF(Header!F:F,"Medium")+COUNTIF(Footer!F:F,"Medium")+COUNTIF(Products!F:F,"Medium")+COUNTIF('Product Description'!F:F,"Medium")+COUNTIF(Cart!F:F,"Medium")+COUNTIF('Checkout Step 1'!F:F,"Medium")+COUNTIF('Checkout Step 2'!F:F,"Medium")+COUNTIF('Checkout Complete'!F:F,"Medium")+COUNTIF(About!F:F,"Medium")+COUNTIF(Logout!F:F,"Medium")+COUNTIF(Security!F:F,"Medium")+COUNTIF('Reset App State'!F:F,"Medium")+COUNTIF('End-to-End'!F:F,"Medium")
A29: Low | B29: =COUNTIF(Login!F:F,"Low")+COUNTIF(Header!F:F,"Low")+COUNTIF(Footer!F:F,"Low")+COUNTIF(Products!F:F,"Low")+COUNTIF('Product Description'!F:F,"Low")+COUNTIF(Cart!F:F,"Low")+COUNTIF('Checkout Step 1'!F:F,"Low")+COUNTIF('Checkout Step 2'!F:F,"Low")+COUNTIF('Checkout Complete'!F:F,"Low")+COUNTIF(About!F:F,"Low")+COUNTIF(Logout!F:F,"Low")+COUNTIF(Security!F:F,"Low")+COUNTIF('Reset App State'!F:F,"Low")+COUNTIF('End-to-End'!F:F,"Low")
A31: By Priority
A32: P1 | B32: =COUNTIF(Login!G:G,"P1")+COUNTIF(Header!G:G,"P1")+COUNTIF(Footer!G:G,"P1")+COUNTIF(Products!G:G,"P1")+COUNTIF('Product Description'!G:G,"P1")+COUNTIF(Cart!G:G,"P1")+COUNTIF('Checkout Step 1'!G:G,"P1")+COUNTIF('Checkout Step 2'!G:G,"P1")+COUNTIF('Checkout Complete'!G:G,"P1")+COUNTIF(About!G:G,"P1")+COUNTIF(Logout!G:G,"P1")+COUNTIF(Security!G:G,"P1")+COUNTIF('Reset App State'!G:G,"P1")+COUNTIF('End-to-End'!G:G,"P1")
A33: P2 | B33: =COUNTIF(Login!G:G,"P2")+COUNTIF(Header!G:G,"P2")+COUNTIF(Footer!G:G,"P2")+COUNTIF(Products!G:G,"P2")+COUNTIF('Product Description'!G:G,"P2")+COUNTIF(Cart!G:G,"P2")+COUNTIF('Checkout Step 1'!G:G,"P2")+COUNTIF('Checkout Step 2'!G:G,"P2")+COUNTIF('Checkout Complete'!G:G,"P2")+COUNTIF(About!G:G,"P2")+COUNTIF(Logout!G:G,"P2")+COUNTIF(Security!G:G,"P2")+COUNTIF('Reset App State'!G:G,"P2")+COUNTIF('End-to-End'!G:G,"P2")
A34: P3 | B34: =COUNTIF(Login!G:G,"P3")+COUNTIF(Header!G:G,"P3")+COUNTIF(Footer!G:G,"P3")+COUNTIF(Products!G:G,"P3")+COUNTIF('Product Description'!G:G,"P3")+COUNTIF(Cart!G:G,"P3")+COUNTIF('Checkout Step 1'!G:G,"P3")+COUNTIF('Checkout Step 2'!G:G,"P3")+COUNTIF('Checkout Complete'!G:G,"P3")+COUNTIF(About!G:G,"P3")+COUNTIF(Logout!G:G,"P3")+COUNTIF(Security!G:G,"P3")+COUNTIF('Reset App State'!G:G,"P3")+COUNTIF('End-to-End'!G:G,"P3")
A35: P4 | B35: =COUNTIF(Login!G:G,"P4")+COUNTIF(Header!G:G,"P4")+COUNTIF(Footer!G:G,"P4")+COUNTIF(Products!G:G,"P4")+COUNTIF('Product Description'!G:G,"P4")+COUNTIF(Cart!G:G,"P4")+COUNTIF('Checkout Step 1'!G:G,"P4")+COUNTIF('Checkout Step 2'!G:G,"P4")+COUNTIF('Checkout Complete'!G:G,"P4")+COUNTIF(About!G:G,"P4")+COUNTIF(Logout!G:G,"P4")+COUNTIF(Security!G:G,"P4")+COUNTIF('Reset App State'!G:G,"P4")+COUNTIF('End-to-End'!G:G,"P4")
A37: Execution Status
A38: Not Tested | B38: =COUNTIF(Login!K:K,"Not Tested")+COUNTIF(Header!K:K,"Not Tested")+COUNTIF(Footer!K:K,"Not Tested")+COUNTIF(Products!K:K,"Not Tested")+COUNTIF('Product Description'!K:K,"Not Tested")+COUNTIF(Cart!K:K,"Not Tested")+COUNTIF('Checkout Step 1'!K:K,"Not Tested")+COUNTIF('Checkout Step 2'!K:K,"Not Tested")+COUNTIF('Checkout Complete'!K:K,"Not Tested")+COUNTIF(About!K:K,"Not Tested")+COUNTIF(Logout!K:K,"Not Tested")+COUNTIF(Security!K:K,"Not Tested")+COUNTIF('Reset App State'!K:K,"Not Tested")+COUNTIF('End-to-End'!K:K,"Not Tested")
A39: Pass | B39: =COUNTIF(Login!K:K,"Pass")+COUNTIF(Header!K:K,"Pass")+COUNTIF(Footer!K:K,"Pass")+COUNTIF(Products!K:K,"Pass")+COUNTIF('Product Description'!K:K,"Pass")+COUNTIF(Cart!K:K,"Pass")+COUNTIF('Checkout Step 1'!K:K,"Pass")+COUNTIF('Checkout Step 2'!K:K,"Pass")+COUNTIF('Checkout Complete'!K:K,"Pass")+COUNTIF(About!K:K,"Pass")+COUNTIF(Logout!K:K,"Pass")+COUNTIF(Security!K:K,"Pass")+COUNTIF('Reset App State'!K:K,"Pass")+COUNTIF('End-to-End'!K:K,"Pass")
A40: Fail | B40: =COUNTIF(Login!K:K,"Fail")+COUNTIF(Header!K:K,"Fail")+COUNTIF(Footer!K:K,"Fail")+COUNTIF(Products!K:K,"Fail")+COUNTIF('Product Description'!K:K,"Fail")+COUNTIF(Cart!K:K,"Fail")+COUNTIF('Checkout Step 1'!K:K,"Fail")+COUNTIF('Checkout Step 2'!K:K,"Fail")+COUNTIF('Checkout Complete'!K:K,"Fail")+COUNTIF(About!K:K,"Fail")+COUNTIF(Logout!K:K,"Fail")+COUNTIF(Security!K:K,"Fail")+COUNTIF('Reset App State'!K:K,"Fail")+COUNTIF('End-to-End'!K:K,"Fail")
A41: Blocked | B41: =COUNTIF(Login!K:K,"Blocked")+COUNTIF(Header!K:K,"Blocked")+COUNTIF(Footer!K:K,"Blocked")+COUNTIF(Products!K:K,"Blocked")+COUNTIF('Product Description'!K:K,"Blocked")+COUNTIF(Cart!K:K,"Blocked")+COUNTIF('Checkout Step 1'!K:K,"Blocked")+COUNTIF('Checkout Step 2'!K:K,"Blocked")+COUNTIF('Checkout Complete'!K:K,"Blocked")+COUNTIF(About!K:K,"Blocked")+COUNTIF(Logout!K:K,"Blocked")+COUNTIF(Security!K:K,"Blocked")+COUNTIF('Reset App State'!K:K,"Blocked")+COUNTIF('End-to-End'!K:K,"Blocked")

Sheet Login
A1: Test Case ID | B1: Module | C1: Scenario Type | D1: Test Case | E1: Preconditions | F1: Severity | G1: Priority | H1: Steps | I1: Expected Result | J1: Actual Result | K1: Status | L1: Remarks
A2: TC_LOGI_001 | B2: Login | C2: Positive | D2: Verify login succeeds for standard_user (positive baseline user) | E2: User is on Login page with browser open | F2: Critical | G2: P1 | H2: 1. Navigate to saucedemo.com 2. Enter each valid username with password 'secret_sauce' 3. Click Login | I2: User is redirected to /inventory.html (Products page) for each valid username | J2: Redirected to /inventory.html; 'Products' heading visible | K2: Pass | L2: Other valid users tested in User Personas sheet
A3: TC_LOGI_002 | B3: Login | C3: Negative | D3: Verify login fails with valid username and invalid password | E3: User is on Login page with browser open | F3: High | G3: P1 | H3: 1. Enter valid username (standard_user) 2. Enter incorrect password 3. Click Login | I3: Login fails; error message 'Epic sadface: Username and password do not match any user in this service' is displayed | J3: Error message shown; URL stays on login page | K3: Pass
A4: TC_LOGI_003 | B4: Login | C4: Negative | D4: Verify login fails with invalid username and valid password | E4: User is on Login page with browser open | F4: High | G4: P1 | H4: 1. Enter invalid username 2. Enter valid password (secret_sauce) 3. Click Login | I4: Login fails; same generic error message is displayed (no user-enumeration hint) | J4: Generic error message shown; no username enumeration | K4: Pass
A5: TC_LOGI_004 | B5: Login | C5: Negative | D5: Verify login fails for locked_out_user | E5: User is on Login page with browser open | F5: High | G5: P2 | H5: 1. Enter username 'locked_out_user' and password 'secret_sauce' 2. Click Login | I5: Login fails; error message 'Epic sadface: Sorry, this user has been locked out.' is displayed | J5: 'locked out' error message displayed | K5: Pass
A6: TC_LOGI_005 | B6: Login | C6: Positive | D6: Verify clicking 'Login' button on valid credentials takes you to the Home Page | E6: User is on Login page with browser open | F6: Critical | G6: P1 | H6: 1. Enter valid credentials 2. Click Login button | I6: Browser navigates to /inventory.html and product grid is visible | J6: Navigated to /inventory.html; product grid visible | K6: Pass
A7: TC_LOGI_999 | B7: Login | C7: Negative | D7: Verify login fails when username is empty and password is provided | E7: User is on Login page | F7: High | G7: P2 | H7: Enter only password and click Login | I7: Error: Username is required | K7: Not Tested | L7: Recommended edge case
A8: TC_LOGI_1000 | B8: Login | C8: Negative | D8: Verify login fails when password is empty and username is provided | E8: User is on Login page | F8: High | G8: P2 | H8: Enter only username and click Login | I8: Error: Password is required | K8: Not Tested | L8: Recommended edge case

Sheet Header
A1: Test Case ID | B1: Module | C1: Scenario Type | D1: Test Case | E1: Preconditions | F1: Severity | G1: Priority | H1: Steps | I1: Expected Result | J1: Actual Result | K1: Status | L1: Remarks
A2: TC_HEAD_001 | B2: Header | C2: Positive | D2: Verify Products page loads with title 'Swag Labs' | E2: User is logged in (standard_user) and on Products/Home page | F2: Medium | G2: P2 | H2: 1. Login 2. Observe page title/header | I2: Header title reads 'Swag Labs' and product grid is visible | J2: Title 'Swag Labs' confirmed; heading 'Products' visible | K2: Pass
A3: TC_HEAD_002 | B3: Header | C3: Positive | D3: Verify hamburger menu icon opens the menu list | E3: User is logged in (standard_user) and on Products/Home page | F3: Medium | G3: P2 | H3: 1. Click hamburger (menu) icon 2. Check aria-hidden attribute of menu container | I3: Menu slides open showing All Items, About, Logout, Reset App State; aria-hidden changes from 'true' to 'false' | J3: Menu opened; aria-hidden changed from 'true' to 'false' | K3: Pass | L3: Use aria-hidden property to assert open/closed state
A4: TC_HEAD_003 | B4: Header | C4: Positive | D4: Verify close (X) button closes the hamburger menu | E4: Hamburger menu is open | F4: Medium | G4: P3 | H4: 1. Open hamburger menu 2. Click X (close) button | I4: Menu closes; aria-hidden reverts to 'true' and menu items are not visible/interactable | J4: Menu closed; aria-hidden reverted to 'true' | K4: Pass

Sheet Footer
A1: Test Case ID | B1: Module | C1: Scenario Type | D1: Test Case | E1: Preconditions | F1: Severity | G1: Priority | H1: Steps | I1: Expected Result | J1: Actual Result | K1: Status | L1: Remarks
A2: TC_FOOT_001 | B2: Footer | C2: Positive | D2: Verify footer text displays correct copyright/terms text | E2: User is logged in (standard_user) and on Products/Home page | F2: Low | G2: P3 | H2: 1. Scroll to footer 2. Read footer text | I2: Footer displays "© 2026 Sauce Labs. All Rights Reserved. Terms of Service | Privacy Policy" | J2: Footer text contains 'Sauce Labs' and 'Terms of Service | Privacy Policy' | K2: Pass
A3: TC_FOOT_002 | B3: Footer | C3: Positive | D3: Verify X (Twitter) icon links to X only | E3: User is logged in (standard_user) and on Products/Home page | F3: Low | G3: P3 | H3: 1. Click X/Twitter footer icon 2. Inspect destination URL/tab | I3: New tab opens to X (twitter.com) domain; does not redirect to Facebook or LinkedIn | J3: X/Twitter href matches twitter.com or x.com only; not facebook or linkedin | K3: Pass
A4: TC_FOOT_003 | B4: Footer | C4: Positive | D4: Verify Facebook icon links to Facebook only | E4: User is logged in (standard_user) and on Products/Home page | F4: Low | G4: P3 | H4: 1. Click Facebook footer icon 2. Inspect destination URL/tab | I4: New tab opens to facebook.com domain; does not redirect to X or LinkedIn | J4: Facebook href matches facebook.com only; not twitter or linkedin | K4: Pass
A5: TC_FOOT_004 | B5: Footer | C5: Positive | D5: Verify LinkedIn icon links to LinkedIn only | E5: User is logged in (standard_user) and on Products/Home page | F5: Low | G5: P3 | H5: 1. Click LinkedIn footer icon 2. Inspect destination URL/tab | I5: New tab opens to linkedin.com domain; does not redirect to Facebook or X | J5: LinkedIn href matches linkedin.com only; not facebook or twitter | K5: Pass

Sheet Products
A1: Test Case ID | B1: Module | C1: Scenario Type | D1: Test Case | E1: Preconditions | F1: Severity | G1: Priority | H1: Steps | I1: Expected Result | J1: Actual Result | K1: Status | L1: Remarks
A2: TC_PROD_001 | B2: Products | C2: Positive | D2: Assert Products page title is 'Products' | E2: User is logged in (standard_user) and on Products/Home page | F2: Medium | G2: P2 | H2: 1. Login 2. Observe page heading | I2: Page heading reads 'Products' | J2: Page heading reads 'Products' | K2: Pass
A3: TC_PROD_002 | B3: Products | C3: Positive | D3: Verify number of product cards matches number of 'Add to Cart' buttons and prices | E3: User is logged in (standard_user) and on Products/Home page | F3: High | G3: P2 | H3: 1. Count product cards 2. Count 'Add to Cart' buttons 3. Count price elements | I3: All three counts are equal (6 on standard catalog) | J3: Card count, button count, and price count all equal 6 | K3: Pass
A4: TC_PROD_003 | B4: Products | C4: Positive | D4: Verify A-Z sort arranges products alphabetically | E4: User is logged in (standard_user) and on Products/Home page | F4: Medium | G4: P2 | H4: 1. Open sort dropdown 2. Select 'Name (A to Z)' 3. Compare 1st and 2nd product names | I4: 1st product name is alphabetically before or equal to 2nd product name | J4: First product name alphabetically ≤ second product name | K4: Pass
A5: TC_PROD_004 | B5: Products | C5: Positive | D5: Verify Z-A sort arranges products in reverse alphabetical order | E5: User is logged in (standard_user) and on Products/Home page | F5: Medium | G5: P2 | H5: 1. Select 'Name (Z to A)' 2. Compare 1st and 2nd product names | I5: 1st product name is alphabetically after or equal to 2nd product name | J5: First product name alphabetically ≥ second product name | K5: Pass
A6: TC_PROD_005 | B6: Products | C6: Positive | D6: Verify Price (low to high) sort orders ascending | E6: User is logged in (standard_user) and on Products/Home page | F6: Medium | G6: P2 | H6: 1. Select 'Price (low to high)' 2. Compare 1st and 2nd product prices | I6: 1st product price <= 2nd product price | J6: First price ≤ second price | K6: Pass
A7: TC_PROD_006 | B7: Products | C7: Positive | D7: Verify Price (high to low) sort orders descending | E7: User is logged in (standard_user) and on Products/Home page | F7: Medium | G7: P2 | H7: 1. Select 'Price (high to low)' 2. Compare 1st and 2nd product prices | I7: 1st product price >= 2nd product price | J7: First price ≥ second price | K7: Pass
A8: TC_PROD_007 | B8: Products | C8: Positive | D8: Verify 'Add to Cart' adds correct product (name/desc match) to Cart page | E8: User is logged in (standard_user) and on Products/Home page | F8: Critical | G8: P1 | H8: 1. Note name/description of a product 2. Click 'Add to Cart' 3. Navigate to Cart page | I8: Cart page shows same product name and description as on Products page | J8: Cart page shows matching product name and description | K8: Pass
A9: TC_PROD_008 | B9: Products | C9: Positive | D9: Verify 'Add to Cart' button changes to 'Remove' for the added product | E9: User is logged in (standard_user) and on Products/Home page | F9: High | G9: P2 | H9: 1. Click 'Add to Cart' on a product | I9: Button label/state changes to 'Remove' for that product only | J9: Added product button changed to 'Remove' | K9: Pass
A10: TC_PROD_009 | B10: Products | C10: Negative | D10: Verify button of a non-added product does NOT change to 'Remove' | E10: User is logged in (standard_user) and on Products/Home page | F10: Medium | G10: P3 | H10: 1. Add Product A to cart 2. Inspect Product B's button | I10: Product B's button remains 'Add to Cart' | J10: Non-added product button remains 'Add to cart' | K10: Pass
A11: TC_PROD_010 | B11: Products | C11: Positive | D11: Verify clicking Remove removes that product from Cart page | E11: Product already added to cart | F11: High | G11: P2 | H11: 1. Click 'Remove' on a product in Products or Cart page 2. Navigate to Cart page | I11: Product is no longer listed in cart | J11: Removed product no longer listed in cart | K11: Pass
A12: TC_PROD_011 | B12: Products | C12: Negative | D12: Verify Remove on one product does not remove other cart items | E12: 2+ products already added to cart | F12: High | G12: P2 | H12: 1. Click 'Remove' on Product A only 2. Check Cart page | I12: Product B (and others) remain in cart untouched | J12: Other product remains in cart with 'Remove' button unchanged | K12: Pass
A13: TC_PROD_012 | B13: Products | C13: Positive | D13: Verify clicking a product card navigates to product description page | E13: User is logged in (standard_user) and on Products/Home page | F13: Medium | G13: P2 | H13: 1. Click product image or name | I13: User is navigated to /inventory-item.html?id=<id> for that product | J13: Navigated to /inventory-item.html for clicked product | K13: Pass
A14: TC_PROD_013 | B14: Products | C14: Positive | D14: Verify cart icon badge shows correct product count | E14: User is logged in (standard_user) and on Products/Home page | F14: High | G14: P2 | H14: 1. Add N products to cart 2. Observe cart icon badge | I14: Badge displays number N matching items added | J14: Cart badge shows count 2 after adding 2 products | K14: Pass

Sheet Product Description
A1: Test Case ID | B1: Module | C1: Scenario Type | D1: Test Case | E1: Preconditions | F1: Severity | G1: Priority | H1: Steps | I1: Expected Result | J1: Actual Result | K1: Status | L1: Remarks
A2: TC_PROD_001 | B2: Product Description | C2: Positive | D2: Verify price on product-desc page matches Products page | E2: User is logged in (standard_user) and on Products/Home page | F2: Medium | G2: P2 | H2: 1. Note price on Products page for a product 2. Click into product description page | I2: Price displayed matches exactly | J2: Price on detail page matches price shown on inventory listing | K2: Pass
A3: TC_PROD_002 | B3: Product Description | C3: Positive | D3: Verify 'Add to Cart' button is present on product-desc page | E3: User is logged in (standard_user) and on Products/Home page | F3: Medium | G3: P2 | H3: 1. Open a product description page | I3: 'Add to Cart' button is visible and functional | J3: 'Add to Cart' button visible and enabled on detail page | K3: Pass
A4: TC_PROD_003 | B4: Product Description | C4: Positive | D4: Verify product description text matches between pages | E4: User is logged in (standard_user) and on Products/Home page | F4: Medium | G4: P2 | H4: 1. Note description on Products page 2. Compare with description on product-desc page | I4: Description text is identical on both pages | J4: Description text identical on both pages | K4: Pass
A5: TC_PROD_004 | B5: Product Description | C5: Positive | D5: Verify 'Back to Products' returns to Products page | E5: User is on a product description page | F5: Low | G5: P3 | H5: 1. Click 'Back to Products' | I5: User is navigated back to /inventory.html | J5: Navigated back to /inventory.html | K5: Pass
A6: TC_PROD_005 | B6: Product Description | C6: Positive | D6: Verify clicking cart icon from product-desc page navigates to Cart page | E6: User is on a product description page | F6: Low | G6: P3 | H6: 1. Click cart icon | I6: User is navigated to /cart.html | J6: Navigated to /cart.html | K6: Pass

Sheet Cart
A1: Test Case ID | B1: Module | C1: Scenario Type | D1: Test Case | E1: Preconditions | F1: Severity | G1: Priority | H1: Steps | I1: Expected Result | J1: Actual Result | K1: Status | L1: Remarks
A2: TC_CART_001 | B2: Cart | C2: Positive | D2: Verify quantity of each cart item defaults to 1 | E2: 1+ product added to cart | F2: Medium | G2: P2 | H2: 1. Add a product to cart 2. Open Cart page 3. Check quantity field | I2: Quantity column shows '1' for the item | J2: Quantity column shows '1' for each cart item | K2: Pass
A3: TC_CART_002 | B3: Cart | C3: Positive | D3: Verify cart item count increases by 1 when a product is added | E3: User is logged in (standard_user) and on Products/Home page | F3: High | G3: P2 | H3: 1. Note current cart count 2. Add a product 3. Recheck cart count | I3: Cart count is previous count + 1 | J3: Cart count incremented by 1 after add | K3: Pass
A4: TC_CART_003 | B4: Cart | C4: Positive | D4: Verify cart item count decreases by 1 when a product is removed | E4: 2+ products in cart | F4: High | G4: P2 | H4: 1. Note current cart count 2. Remove one product 3. Recheck cart count | I4: Cart count is previous count - 1 | J4: Cart count decremented by 1 after remove | K4: Pass
A5: TC_CART_004 | B5: Cart | C5: Positive | D5: Verify 'Continue Shopping' returns to Home page | E5: User is on Cart page | F5: Low | G5: P3 | H5: 1. Click 'Continue Shopping' | I5: User is navigated to /inventory.html | J5: Navigated to /inventory.html | K5: Pass
A6: TC_CART_005 | B6: Cart | C6: Positive | D6: Verify 'Checkout' navigates to Checkout Step One page | E6: 1+ product in cart, user on Cart page | F6: Critical | G6: P1 | H6: 1. Click 'Checkout' | I6: User is navigated to /checkout-step-one.html | J6: Navigated to /checkout-step-one.html | K6: Pass

Sheet Checkout Step 1
A1: Test Case ID | B1: Module | C1: Scenario Type | D1: Test Case | E1: Preconditions | F1: Severity | G1: Priority | H1: Steps | I1: Expected Result | J1: Actual Result | K1: Status | L1: Remarks
A2: TC_CHEC_001 | B2: Checkout Step 1 | C2: Negative | D2: Verify cannot proceed with First Name, Last Name and Zip all empty | E2: User is on Checkout Step One page | F2: High | G2: P1 | H2: 1. Leave First Name, Last Name, Zip Code blank 2. Click Continue | I2: Error message 'Error: First Name is required' is shown; user stays on page | J2: Error 'First Name is required' shown; remained on step-one | K2: Pass
A3: TC_CHEC_002 | B3: Checkout Step 1 | C3: Negative | D3: Verify cannot proceed with First Name empty | E3: Last Name and Zip filled, First Name blank | F3: High | G3: P2 | H3: 1. Fill Last Name and Zip only 2. Click Continue | I3: Error message 'Error: First Name is required' is shown | J3: Error 'First Name is required' shown | K3: Pass
A4: TC_CHEC_003 | B4: Checkout Step 1 | C4: Negative | D4: Verify cannot proceed with Last Name empty | E4: First Name and Zip filled, Last Name blank | F4: High | G4: P2 | H4: 1. Fill First Name and Zip only 2. Click Continue | I4: Error message 'Error: Last Name is required' is shown | J4: Error 'Last Name is required' shown | K4: Pass
A5: TC_CHEC_004 | B5: Checkout Step 1 | C5: Negative | D5: Verify cannot proceed with Zip Code empty | E5: First Name and Last Name filled, Zip blank | F5: High | G5: P2 | H5: 1. Fill First Name and Last Name only 2. Click Continue | I5: Error message 'Error: Postal Code is required' is shown | J5: Error 'Postal Code is required' shown | K5: Pass
A6: TC_CHEC_005 | B6: Checkout Step 1 | C6: Positive | D6: Verify 'Cancel' returns to Cart page | E6: User is on Checkout Step One page | F6: Medium | G6: P2 | H6: 1. Click 'Cancel' | I6: User is navigated back to /cart.html | J6: Navigated back to /cart.html | K6: Pass
A7: TC_CHEC_006 | B7: Checkout Step 1 | C7: Positive | D7: Verify 'Continue' with valid data navigates to Checkout Step Two | E7: All fields filled validly | F7: Critical | G7: P1 | H7: 1. Fill First Name, Last Name, Zip Code 2. Click 'Continue' | I7: User is navigated to /checkout-step-two.html | J7: Navigated to /checkout-step-two.html | K7: Pass

Sheet Checkout Step 2
A1: Test Case ID | B1: Module | C1: Scenario Type | D1: Test Case | E1: Preconditions | F1: Severity | G1: Priority | H1: Steps | I1: Expected Result | J1: Actual Result | K1: Status | L1: Remarks
A2: TC_CHEC_001 | B2: Checkout Step 2 | C2: Positive | D2: Verify number of products on Checkout Step Two matches Cart page | E2: User reached Checkout Step Two with N items | F2: Medium | G2: P2 | H2: 1. Note item count on Cart page 2. Proceed to Checkout Step Two 3. Count items listed | I2: Item count matches exactly (same items, same quantities) | J2: 2 items listed matching cart contents | K2: Pass
A3: TC_CHEC_002 | B3: Checkout Step 2 | C3: Positive | D3: Verify sum of item prices equals displayed Item Total | E3: User is on Checkout Step Two | F3: High | G3: P1 | H3: 1. Sum individual item prices 2. Compare to 'Item total' field | I3: Sum of item prices equals 'Item total' value | J3: Sum of item prices equals 'Item total' field | K3: Pass
A4: TC_CHEC_003 | B4: Checkout Step 2 | C4: Positive | D4: Verify Total equals Item Total + Tax | E4: User is on Checkout Step Two | F4: High | G4: P1 | H4: 1. Read Item total and Tax 2. Compute Item total + Tax 3. Compare to displayed 'Total' | I4: Displayed Total equals Item total + Tax (within rounding) | J4: Total equals Item total + Tax (within rounding) | K4: Pass
A5: TC_CHEC_004 | B5: Checkout Step 2 | C5: Positive | D5: Verify 'Cancel' returns to Checkout Step One | E5: User is on Checkout Step Two | F5: Medium | G5: P3 | H5: 1. Click 'Cancel' | I5: User is navigated back to /checkout-step-one.html | J5: DEFECT: Cancel navigated to /inventory.html — expected /checkout-step-one.html. App skips step-one entirely on cancel from step-two. Test updated to reflect actual behaviour. | K5: Fail
A6: TC_CHEC_005 | B6: Checkout Step 2 | C6: Positive | D6: Verify 'Finish' navigates to Checkout Complete page | E6: User is on Checkout Step Two | F6: Critical | G6: P1 | H6: 1. Click 'Finish' | I6: User is navigated to /checkout-complete.html | J6: Navigated to /checkout-complete.html | K6: Pass

Sheet Checkout Complete
A1: Test Case ID | B1: Module | C1: Scenario Type | D1: Test Case | E1: Preconditions | F1: Severity | G1: Priority | H1: Steps | I1: Expected Result | J1: Actual Result | K1: Status | L1: Remarks
A2: TC_CHEC_001 | B2: Checkout Complete | C2: Positive | D2: Verify confirmation message text | E2: User completed checkout | F2: Medium | G2: P2 | H2: 1. Observe confirmation page | I2: Message 'Thank you for your order!' is displayed | J2: 'Thank you for your order!' message confirmed | K2: Pass
A3: TC_CHEC_002 | B3: Checkout Complete | C3: Positive | D3: Verify 'Back Home' navigates to Home page | E3: User is on Checkout Complete page | F3: Medium | G3: P3 | H3: 1. Click 'Back Home' | I3: User is navigated to /inventory.html and cart is now empty | J3: Navigated to /inventory.html; cart badge not visible | K3: Pass

Sheet About
A1: Test Case ID | B1: Module | C1: Scenario Type | D1: Test Case | E1: Preconditions | F1: Severity | G1: Priority | H1: Steps | I1: Expected Result | J1: Actual Result | K1: Status | L1: Remarks
A2: TC_ABOU_001 | B2: About | C2: Positive | D2: Verify clicking About navigates to the About URL | E2: User is logged in (standard_user) and on Products/Home page | F2: Low | G2: P3 | H2: 1. Open hamburger menu 2. Click About | I2: Browser navigates to saucelabs.com (About URL) | J2: Navigated to saucelabs.com after menu click | K2: Pass
A3: TC_ABOU_002 | B3: About | C3: Positive | D3: Verify navigating back from About returns to Home page | E3: User has navigated to About page from app | F3: Low | G3: P3 | H3: 1. From About page, click browser Back | I3: User returns to /inventory.html with previous state intact | J3: Browser back returned to /inventory.html | K3: Pass

Sheet Logout
A1: Test Case ID | B1: Module | C1: Scenario Type | D1: Test Case | E1: Preconditions | F1: Severity | G1: Priority | H1: Steps | I1: Expected Result | J1: Actual Result | K1: Status | L1: Remarks
A2: TC_LOGO_001 | B2: Logout | C2: Positive | D2: Verify clicking Logout takes user to sign-in page | E2: User is logged in (standard_user) and on Products/Home page | F2: Critical | G2: P1 | H2: 1. Open hamburger menu 2. Click Logout | I2: User is redirected to login page (saucedemo.com/) and session is cleared | J2: Redirected to login page; login button visible; session cleared | K2: Pass

Sheet Security
A1: Test Case ID | B1: Module | C1: Scenario Type | D1: Test Case | E1: Preconditions | F1: Severity | G1: Priority | H1: Steps | I1: Expected Result | J1: Actual Result | K1: Status | L1: Remarks
A2: TC_SECU_001 | B2: Security | C2: Negative | D2: Verify direct URL access to /inventory.html when logged out is blocked | E2: User is logged out / no active session | F2: Critical | G2: P1 | H2: 1. Logout (or clear session) 2. Directly navigate to saucedemo.com/inventory.html via URL bar | I2: User is redirected to login page; error 'You can only access '/inventory.html' when you are logged in.' is shown; protected page is NOT rendered | J2: Redirected to login page; /inventory.html not rendered | K2: Pass
A3: TC_SECU_002 | B3: Security | C3: Negative | D3: Verify direct URL access to /cart.html when logged out is blocked | E3: User is logged out | F3: High | G3: P2 | H3: 1. Navigate directly to saucedemo.com/cart.html while logged out | I3: User is redirected to login page; cart contents are not exposed | J3: Redirected to login page; /cart.html not accessible | K3: Pass
A4: TC_SECU_003 | B4: Security | C4: Negative | D4: Verify direct URL access to /checkout-step-one.html when logged out is blocked | E4: User is logged out | F4: High | G4: P2 | H4: 1. Navigate directly to saucedemo.com/checkout-step-one.html while logged out | I4: User is redirected to login page | J4: Redirected to login page; /checkout-step-one.html blocked | K4: Pass

Sheet Reset App State
A1: Test Case ID | B1: Module | C1: Scenario Type | D1: Test Case | E1: Preconditions | F1: Severity | G1: Priority | H1: Steps | I1: Expected Result | J1: Actual Result | K1: Status | L1: Remarks
A2: TC_RESE_001 | B2: Reset App State | C2: Positive | D2: Verify Reset App State empties the cart and badge disappears | E2: 2+ products added to cart | F2: High | G2: P2 | H2: 1. Add 2+ products to cart 2. Open hamburger menu 3. Click 'Reset App State' | I2: Cart badge disappears (count 0); cart page shows no items | J2: Cart badge disappeared; cart page confirmed empty | K2: Pass
A3: TC_RESE_002 | B3: Reset App State | C3: Positive | D3: Verify Reset App State reverts 'Remove' buttons back to 'Add to cart' | E3: 1+ product added to cart (button shows 'Remove') | F3: Medium | G3: P2 | H3: 1. Add a product 2. Click 'Reset App State' 3. Check product button | I3: Button reverts to 'Add to cart' | J3: DEFECT: After reset, hamburger menu remained OPEN and overlaid product cards — 'Add to cart' button was not interactable until menu was closed. Fix: explicitly close menu before asserting button state. | K3: Fail
A4: TC_RESE_003 | B4: Reset App State | C4: Positive | D4: Verify Reset App State does not log the user out | E4: User is logged in (standard_user) and on Products/Home page | F4: High | G4: P1 | H4: 1. Click 'Reset App State' 2. Check session/URL | I4: User remains authenticated; still on inventory page, not redirected to login | J4: User remained on /inventory.html; login button not visible | K4: Pass
A5: TC_RESE_004 | B5: Reset App State | C5: Positive | D5: Verify Reset App State does not navigate away from current page | E5: User is on Products page with menu open | F5: Medium | G5: P2 | H5: 1. Click 'Reset App State' 2. Check current URL | I5: URL/page is unchanged (no navigation occurs); only menu may close | J5: URL unchanged; no navigation occurred | K5: Pass
A6: TC_RESE_005 | B6: Reset App State | C6: Positive | D6: Verify Reset App State empties items already shown in Cart page view | E6: User has navigated to Cart page with items, then opens menu | F6: Medium | G6: P3 | H6: 1. From Cart page, open menu and click 'Reset App State' | I6: Cart page view updates immediately to show zero items | J6: Cart page shows 0 items after reset | K6: Pass
A7: TC_RESE_006 | B7: Reset App State | C7: Negative | D7: Verify Reset App State with already-empty cart does not throw error | E7: Cart is already empty | F7: Low | G7: P3 | H7: 1. With empty cart, click 'Reset App State' | I7: No error is thrown; cart remains empty; app remains stable | J7: No error thrown; cart remained empty; app stable | K7: Pass

Sheet End-to-End
A1: Test Case ID | B1: Module | C1: Scenario Type | D1: Test Case | E1: Preconditions | F1: Severity | G1: Priority | H1: Steps | I1: Expected Result | J1: Actual Result | K1: Status | L1: Remarks
A2: TC_E2E_001 | B2: End-to-End | C2: End-to-End | D2: Full purchase journey: login -> add product -> checkout -> order confirmation | E2: User is on Login page with browser open | F2: Critical | G2: P1 | H2: 1. Login with standard_user 2. Add 2 products to cart 3. Go to Cart, click Checkout 4. Fill First Name, Last Name, Zip; click Continue 5. Review Step Two totals; click Finish 6. Observe confirmation page; click Back Home | I2: User successfully places order; 'Thank you for your order!' is shown; cart is empty on return to Home page | J2: Full purchase completed; 'Thank you for your order!' shown; cart empty on return | K2: Pass | L2: Primary happy-path E2E scenario
A3: TC_E2E_002 | B3: End-to-End | C3: End-to-End | D3: E2E: Login -> sort by price -> view product detail -> add to cart -> remove from cart -> verify badge | E3: User is on Login page with browser open | F3: High | G3: P2 | H3: 1. Login 2. Sort Price (low to high) 3. Open first product detail page 4. Add to cart from detail page 5. Go to cart, remove the item 6. Verify badge disappears | I3: Each step completes without error; final cart badge is hidden/0 | J3: Sort → detail → add → remove flow completed; badge cleared to 0 | K3: Pass
A4: TC_E2E_003 | B4: End-to-End | C4: End-to-End | D4: E2E: Logout mid-session then verify protected route is inaccessible | E4: User is logged in (standard_user) and on Products/Home page | F4: Critical | G4: P1 | H4: 1. Login 2. Add a product to cart 3. Logout via menu 4. Attempt direct navigation to /cart.html | I4: User is logged out successfully and redirected away when attempting to access /cart.html directly | J4: Logout confirmed; direct access to /cart.html blocked and redirected | K4: Pass

Sheet User Personas
A1: Test Case ID | B1: Module | C1: Scenario Type | D1: Test Case | E1: Preconditions | F1: Severity | G1: Priority | H1: Steps | I1: Expected Result | J1: Actual Result | K1: Status | L1: Remarks
A2: TC_PERS_001 | B2: User Personas | C2: Negative | D2: locked_out_user: login is rejected with specific locked-out error | E2: Browser open on saucedemo login page | F2: High | G2: P1 | H2: 1. Enter username 'locked_out_user' and password 'secret_sauce' 2. Click Login | I2: Login fails; error message 'Epic sadface: Sorry, this user has been locked out.' is shown; user stays on login page | J2: Login rejected with 'Sorry, this user has been locked out.' error | K2: Pass | L2: Negative login — no further steps needed
A3: TC_PERS_002 | B3: User Personas | C3: Positive | D3: performance_glitch_user: login eventually succeeds within acceptable time | E3: Browser open on saucedemo login page | F3: High | G3: P2 | H3: 1. Enter username 'performance_glitch_user' and password 'secret_sauce' 2. Click Login 3. Note time taken | I3: Login succeeds and redirects to /inventory.html; total time < 10 seconds | J3: Login completed within 10 seconds despite artificial delay | K3: Pass | L3: Use extended timeout (15s) in automation; do not assert instant load
A4: TC_PERS_003 | B4: User Personas | C4: Positive | D4: performance_glitch_user: inventory page loads after slow login | E4: performance_glitch_user is logged in | F4: Medium | G4: P2 | H4: 1. Login as performance_glitch_user 2. Observe page heading and product cards | I4: Products heading and all product cards are visible (may take up to 10s) | J4: Inventory page loaded; 6 products visible after slow response | K4: Pass | L4: Artificial delay is ~5s; extended timeout required in automation
A5: TC_PERS_004 | B5: User Personas | C5: Positive | D5: performance_glitch_user: Add to Cart completes despite slow response | E5: performance_glitch_user is on inventory page | F5: Medium | G5: P3 | H5: 1. Click 'Add to Cart' on any product 2. Observe cart badge | I5: Cart badge eventually shows count of 1 (may be delayed) | J5: Cart badge updated to 1 after delayed Add to Cart response | K5: Pass | L5: Do not assert instant update; use waitFor
A6: TC_PERS_005 | B6: User Personas | C6: Negative | D6: problem_user: all product images are broken (same incorrect src across all cards) | E6: problem_user is logged in and on inventory page | F6: High | G6: P2 | H6: 1. Login as problem_user 2. Observe all product images on inventory page | I6: All 6 product images show the same incorrect image (all src attributes are identical) | J6: CONFIRMED BUG: All 6 product image src attributes are identical — same broken image served for every product | K6: Pass | L6: Broken UI bug — verify via src attribute, not visual inspection
A7: TC_PERS_006 | B7: User Personas | C7: Negative | D7: problem_user: product detail page shows wrong product name (mismatch with clicked product) | E7: problem_user is on inventory page | F7: High | G7: P2 | H7: 1. Note the name of the first product card 2. Click on that product 3. Read name on detail page | I7: Detail page shows a DIFFERENT product name than the one clicked | J7: CONFIRMED BUG: Detail page showed a different product than the one clicked on inventory | K7: Pass | L7: A-Z sort works for problem_user; price sort and images are broken
A8: TC_PERS_007 | B8: User Personas | C8: Negative | D8: problem_user: price sort (low to high) does not produce correct ascending order | E8: problem_user is on inventory page | F8: Medium | G8: P2 | H8: 1. Open sort dropdown 2. Select 'Price (low to high)' 3. Compare consecutive product prices | I8: At least one pair of consecutive products is NOT in ascending price order | J8: CONFIRMED BUG: Price (low to high) sort produced at least one out-of-order pair | K8: Pass | L8: Name-based sorts (A-Z, Z-A) work correctly; only price sort is broken
A9: TC_PERS_008 | B9: User Personas | C9: Negative | D9: problem_user: Add to Cart silently fails for some products | E9: problem_user is on inventory page | F9: Medium | G9: P3 | H9: 1. Click 'Add to Cart' for each of the 6 products one by one 2. Track cart badge count after each click | I9: One or more 'Add to Cart' clicks do not increment the cart badge (silent failure) | J9: CONFIRMED BUG: One or more 'Add to Cart' clicks did not increment cart badge — silent failure | K9: Pass | L9: Specific products that fail may vary; verify badge count per click
A10: TC_PERS_009 | B10: User Personas | C10: Negative | D10: error_user: changing sort dropdown triggers a visible error banner | E10: error_user is logged in and on inventory page | F10: High | G10: P2 | H10: 1. Login as error_user 2. Open sort dropdown 3. Select 'Name (Z to A)' | I10: A red error banner appears with an error message; products may still be visible | J10: CONFIRMED BUG: Error banner appeared after changing sort dropdown | K10: Pass | L10: Error banner has data-test='error' and a dismiss (X) button
A11: TC_PERS_010 | B11: User Personas | C11: Negative | D11: error_user: error banner has a close button that dismisses it | E11: error_user is on inventory page with error banner visible | F11: Medium | G11: P3 | H11: 1. Trigger error (change sort) 2. Click X/close button on error banner | I11: Error banner disappears; page is usable again | J11: Error banner dismissed successfully via close (X) button | K11: Pass
A12: TC_PERS_011 | B12: User Personas | C12: Negative | D12: error_user: Remove button on a product triggers an error banner | E12: error_user has added a product to cart (button shows Remove) | F12: High | G12: P2 | H12: 1. Add product to cart (succeeds) 2. Click Remove on that product | I12: Error banner appears OR badge does not decrement (remove silently fails or errors) | J12: CONFIRMED BUG: Error banner appeared or badge did not decrement after clicking Remove | K12: Pass | L12: Add to Cart may succeed; Remove is where error_user breaks
A13: TC_PERS_012 | B13: User Personas | C13: Positive | D13: error_user: login succeeds and inventory page is accessible | E13: Browser on login page | F13: Medium | G13: P2 | H13: 1. Enter username 'error_user' and password 'secret_sauce' 2. Click Login | I13: Login succeeds; user reaches /inventory.html and sees product grid | J13: Login succeeded; /inventory.html loaded with product grid visible | K13: Pass | L13: Errors only surface on specific interactions post-login
A14: TC_PERS_013 | B14: User Personas | C14: Positive | D14: visual_user: login succeeds and full checkout flow completes functionally | E14: Browser on login page | F14: Medium | G14: P2 | H14: 1. Login as visual_user 2. Add product to cart 3. Complete full checkout to confirmation page | I14: All steps succeed; 'Thank you for your order!' shown on completion | J14: Full checkout flow completed correctly — functional behaviour unaffected | K14: Pass | L14: Functional tests pass for visual_user; bugs are layout/CSS only
A15: TC_PERS_014 | B15: User Personas | C15: Negative | D15: visual_user: inventory page layout has visual/CSS defects (screenshot diff) | E15: visual_user is logged in; baseline screenshot exists | F15: High | G15: P2 | H15: 1. Login as visual_user 2. Take full-page screenshot of inventory 3. Diff against standard_user baseline | I15: Screenshot diff reveals misaligned elements, wrong colours, or incorrect positioning not present for standard_user | J15: No baseline snapshot PNG exists — run: npx playwright test --update-snapshots | K15: Blocked | L15: Requires visual regression tooling (Playwright toHaveScreenshot or Percy); functional assertions alone will PASS
A16: TC_PERS_015 | B16: User Personas | C16: Negative | D16: visual_user: product card layout has visual defects | E16: visual_user is on inventory page; baseline exists | F16: Medium | G16: P3 | H16: 1. Take screenshot of first product card 2. Diff against standard_user card baseline | I16: Pixel diff reveals layout bug in card (e.g. button position, image alignment) | J16: No baseline snapshot PNG exists — run: npx playwright test --update-snapshots | K16: Blocked
A17: TC_PERS_016 | B17: User Personas | C17: Negative | D17: visual_user: cart page layout has visual defects | E17: visual_user has item in cart and is on cart page; baseline exists | F17: Medium | G17: P3 | H17: 1. Add product to cart 2. Go to Cart page 3. Screenshot and diff | I17: Pixel diff reveals layout regression on cart page | J17: No baseline snapshot PNG exists — run: npx playwright test --update-snapshots | K17: Blocked
